ID,nombre,Fecha,edad,sexo
622699,Randy Gordon,03/26/1974,28,F
60367,Gregory Johnson,11/13/1989,50,F
373964,Raymond Johnson,1977-09-24,67,F
331690,Peter Bell,04/01/1978,56,F
632027,Megan Russell,11/02/1991,39,M
846291,Angela Cox,12/29/2022,73,F
864723,Michelle Dixon,21/06/1975,65,F
983795,Kimberly Thornton,31/05/2002,44,M
249557,Susan James,2008-11-08,71,F
329630,Margaret Vance,08/31/2020,68,M
166431,Emily Crawford,10/02/2006,80,M
388140,Melissa Willis,02/02/2004,62,M
722997,Kathleen Scott,07/16/1973,42,F
948743,Matthew Beltran,12/10/2013,54,M
842410,Matthew Goodwin,05/27/2011,63,F
647054,Patricia Johnson,1987-04-16,34,M
590170,Blake Jones,05/15/1976,24,M
905860,Eric Clark,16/04/1977,54,M
201383,Derek Carr,2007-12-18,18,M
354854,Kristie Molina,2015-06-25,56,F
